pickup,delivery,distance,equipment,weight,date,predicted_rate
Lexington,Fort Wayne,360,Dry Van,32000,2025-12-01,840.4
Lexington,Fort Wayne,360,Dry Van,32000,2025-12-02,840.4
Lexington,Fort Wayne,360,Dry Van,32000,2025-12-03,840.4
Lexington,Fort Wayne,360,Dry Van,32000,2025-12-04,840.4
Lexington,Fort Wayne,360,Dry Van,32000,2025-12-05,840.4
Lexington,Fort Wayne,360,Dry Van,32000,2025-12-06,840.4
Lexington,Fort Wayne,360,Dry Van,32000,2025-12-07,840.4
Lexington,Fort Wayne,360,Dry Van,32000,2025-12-08,840.4
Lexington,Fort Wayne,360,Dry Van,32000,2025-12-09,840.4
Lexington,Fort Wayne,360,Dry Van,32000,2025-12-10,840.4
Lexington,Fort Wayne,360,Dry Van,32000,2025-12-11,840.4
Lexington,Fort Wayne,360,Dry Van,32000,2025-12-12,840.4
Lexington,Fort Wayne,360,Dry Van,32000,2025-12-13,840.4
Lexington,Fort Wayne,360,Dry Van,32000,2025-12-14,840.4
Lexington,Fort Wayne,360,Dry Van,32000,2025-12-15,840.4
Lexington,Fort Wayne,360,Dry Van,32000,2025-12-16,840.4
Lexington,Fort Wayne,360,Dry Van,32000,2025-12-17,840.4
Lexington,Fort Wayne,360,Dry Van,32000,2025-12-18,840.4
Lexington,Fort Wayne,360,Dry Van,32000,2025-12-19,840.4
Lexington,Fort Wayne,360,Dry Van,32000,2025-12-20,840.4
Lexington,Fort Wayne,360,Dry Van,32000,2025-12-21,840.4
Lexington,Fort Wayne,360,Dry Van,32000,2025-12-22,840.4
Lexington,Fort Wayne,360,Dry Van,32000,2025-12-23,840.4
Lexington,Fort Wayne,360,Dry Van,32000,2025-12-24,840.4
Lexington,Fort Wayne,360,Dry Van,32000,2025-12-25,840.4
Lexington,Fort Wayne,360,Dry Van,32000,2025-12-26,840.4
Lexington,Fort Wayne,360,Dry Van,32000,2025-12-27,840.4
Lexington,Fort Wayne,360,Dry Van,32000,2025-12-28,840.4
Lexington,Fort Wayne,360,Dry Van,32000,2025-12-29,840.4
Lexington,Fort Wayne,360,Dry Van,32000,2025-12-30,840.4
Lexington,Fort Wayne,360,Dry Van,32000,2025-12-31,840.4
